<?xml version='1.0' encoding='UTF-8'?>
<faces-config version="2.2" xmlns="http://xmlns.jcp.org/xml/ns/javaee"
              xmlns:xsi="http://www.w3.org/2001/XMLSchema-instance"
              xsi:schemaLocation="http://xmlns.jcp.org/xml/ns/javaee
    http://xmlns.jcp.org/xml/ns/javaee/web-facesconfig_2_2.xsd">
    <flow-definition id="pendencies">
        <flow-return id="proceedToRegistration3">
            <from-outcome>/registration/registration3</from-outcome>
        </flow-return>
        <flow-return id="exitToInicio">
            <from-outcome>registrationInicio</from-outcome>
        </flow-return>
        <inbound-parameter>
            <name>userName</name>
            <value>#{testeFlowNestedBean.userName}</value>
        </inbound-parameter>
        <inbound-parameter>
            <name>userSurname</name>
            <value>#{testeFlowNestedBean.userSurname}</value>
        </inbound-parameter>

    </flow-definition>
</faces-config>